Review,Sentiment
"The product is amazing and works perfectly.",positive
"I am very disappointed with the quality.",negative
"Excellent service and quick delivery.",positive
"The item broke after a single use.",negative
"The quality is decent for the price.",neutral
"Highly recommend this product to everyone.",positive
"Terrible experience, will never buy again.",negative
"Good value for money, but could be better.",neutral
"Fast shipping and great packaging.",positive
"Not worth the hype, very overrated.",negative
